drop table DE241207_employee cascade constraints;
drop table DE241207_region cascade constraints;
drop table DE241207_customer cascade constraints;
drop table DE241207_product cascade constraints;
drop table DE241207_sales cascade constraints;

create table DE241207_employee (
id varchar2(9),
name varchar2(30),
gender varchar2(1),
hiredate date,
salary number,
manager varchar2(9),
constraint DE241207_employee_pk primary key (id)
);

create table DE241207_region (
id varchar2(12),
commission number,
transport number,
constraint DE241207_region_pk primary key (id)
);

create table DE241207_customer (
id varchar2(9),
name varchar2(30),
region varchar2(12),
cust_class varchar2(1),
total_sales number,
constraint DE241207_customer_pk primary key (id)
);

create table DE241207_product (
id varchar2(11),
description varchar2(15),
price number,
total_sales number,
constraint DE241207_product_pk primary key (id)
);

create table DE241207_sales (
id number,
saledt date,
product varchar2(11),
employee varchar2(9),
customer varchar2(9),
qty number,
constraint DE241207_sales_pk primary key (id)
);

insert into DE241207_employee values ('Ex.61.009', 'Alie Winslow', 'F', '04-May-2006', 37890, 'Ex.61.187');
insert into DE241207_employee values ('Ex.61.012', 'Susie Adams', 'F', '17-May-2004', 52000, 'Ex.61.018');
insert into DE241207_employee values ('Ex.61.014', 'Ben Jilcrhist', 'M', '07-Oct-2007', 20840, 'Ex.61.113');
insert into DE241207_employee values ('Ex.61.018', 'Donald Chiltern', 'M', '23-May-2002', 71700, null);
insert into DE241207_employee values ('Ex.61.027', 'Raul Winslow', 'M', '21-May-2006', 23370, 'Ex.61.018');
insert into DE241207_employee values ('Ex.61.039', 'Cynthia Kowalski', 'F', '07-Jun-2007', 23210, 'Ex.61.113');
insert into DE241207_employee values ('Ex.61.041', 'Chuck Hunter', 'M', '26-Jan-2001', 38120, 'Ex.61.198');
insert into DE241207_employee values ('Ex.61.047', 'Melissa Kimsey', 'F', '13-Sep-2003', 55540, 'Ex.61.012');
insert into DE241207_employee values ('Ex.61.053', 'Sandra Mulholland', 'F', '21-Feb-2002', 72290, 'Ex.61.212');
insert into DE241207_employee values ('Ex.61.057', 'Stephen Hurst', 'M', '01-Oct-2005', 54770, 'Ex.61.053');
insert into DE241207_employee values ('Ex.61.059', 'Bob Jonason', 'M', '13-Nov-2007', 65640, 'Ex.61.187');
insert into DE241207_employee values ('Ex.61.061', 'Ray Longworth', 'M', '12-Sep-2006', 67430, 'Ex.61.012');
insert into DE241207_employee values ('Ex.61.067', 'Stan Riggs', 'M', '27-Oct-2006', 76980, 'Ex.61.212');
insert into DE241207_employee values ('Ex.61.075', 'Stanley Benett', 'M', '13-Aug-2004', 62540, 'Ex.61.212');
insert into DE241207_employee values ('Ex.61.094', 'Electra Bourne', 'F', '11-Sep-2006', 77720, 'Ex.61.012');
insert into DE241207_employee values ('Ex.61.102', 'Daisy Landrieu', 'F', '27-Jan-2004', 66030, 'Ex.61.187');
insert into DE241207_employee values ('Ex.61.113', 'Jaimito Bloomberg', 'M', '15-May-2004', 44840, 'Ex.61.198');
insert into DE241207_employee values ('Ex.61.124', 'Sabrina Marturano', 'F', '15-Dec-2005', 37370, 'Ex.61.198');
insert into DE241207_employee values ('Ex.61.153', 'Mina Mellon', 'F', '14-May-2002', 68870, 'Ex.61.113');
insert into DE241207_employee values ('Ex.61.167', 'Nick Burgess', 'M', '29-Oct-2005', 42410, 'Ex.61.053');
insert into DE241207_employee values ('Ex.61.174', 'Philippe Hopkins', 'M', '08-Jun-2006', 41840, 'Ex.61.187');
insert into DE241207_employee values ('Ex.61.187', 'Mary Monet', 'F', '14-Feb-2004', 51490, 'Ex.61.018');
insert into DE241207_employee values ('Ex.61.198', 'Manny Curtis', 'M', '19-Aug-2006', 22720, 'Ex.61.018');
insert into DE241207_employee values ('Ex.61.212', 'Brittany Rolling', 'F', '04-Aug-2007', 66480, 'Ex.61.018');
insert into DE241207_employee values ('Ex.61.234', 'Heather Bernulli', 'F', '27-Dec-2003', 48120, 'Ex.61.018');


insert into DE241207_region values ('Northwest', 1.14, 15.5);
insert into DE241207_region values ('Northeast', 1.1, 14.3);
insert into DE241207_region values ('East', 1.24, 15.7);
insert into DE241207_region values ('Southwest', 1.09, 14.3);
insert into DE241207_region values ('South', 1.58, 16.1);
insert into DE241207_region values ('Southeast', 1.41, 15.1);
insert into DE241207_region values ('Center', 1.49, 14.7);
insert into DE241207_region values ('North', 1.76, 17.3);
insert into DE241207_region values ('West', 1.63, 16.2);


insert into DE241207_customer values ('Cu.30.001', 'Cara Evangelista', 'Northwest', 'C', 3970);
insert into DE241207_customer values ('Cu.30.002', 'Greta Flynn', 'Northeast', 'C', 1553);
insert into DE241207_customer values ('Cu.30.003', 'Carla Larson', 'East', 'D', 2654);
insert into DE241207_customer values ('Cu.30.004', 'Lucille Hayworth', 'Northeast', 'D', 4297);
insert into DE241207_customer values ('Cu.30.005', 'Libby Feely', 'Southwest', 'B', 833);
insert into DE241207_customer values ('Cu.30.006', 'Wayne Hearst', 'South', 'D', 8383);
insert into DE241207_customer values ('Cu.30.007', 'Marilyn Dilbert', 'Southeast', 'C', 4361);
insert into DE241207_customer values ('Cu.30.008', 'Stephen Kingsley', 'Center', 'C', 7480);
insert into DE241207_customer values ('Cu.30.009', 'Nina Galilei', 'Southwest', 'B', 5150);
insert into DE241207_customer values ('Cu.30.010', 'Chuck Banks', 'Southwest', 'B', 4239);
insert into DE241207_customer values ('Cu.30.011', 'Edward Baldwin', 'Northwest', 'D', 3295);
insert into DE241207_customer values ('Cu.30.012', 'Goran Brock', 'South', 'C', 4450);
insert into DE241207_customer values ('Cu.30.013', 'Oliver Grant', 'Center', 'B', 9181);
insert into DE241207_customer values ('Cu.30.014', 'Andrea Rutherford', 'Southeast', 'D', 4704);
insert into DE241207_customer values ('Cu.30.015', 'Halle DesCartes', 'Center', 'C', 3922);
insert into DE241207_customer values ('Cu.30.016', 'Greta Schroeder', 'South', 'C', 3625);
insert into DE241207_customer values ('Cu.30.017', 'Paige Mulholland', 'East', 'B', 5060);
insert into DE241207_customer values ('Cu.30.018', 'Melina Durban', 'North', 'D', 1473);
insert into DE241207_customer values ('Cu.30.019', 'Tom Demore', 'Center', 'C', 4709);
insert into DE241207_customer values ('Cu.30.020', 'Cynthia Lane', 'Northwest', 'D', 1996);
insert into DE241207_customer values ('Cu.30.021', 'Chris Scully', 'Center', 'D', 5458);
insert into DE241207_customer values ('Cu.30.022', 'Bob Stephens', 'Southeast', 'D', 3377);
insert into DE241207_customer values ('Cu.30.023', 'Sasha Webster', 'North', 'D', 4722);
insert into DE241207_customer values ('Cu.30.024', 'Ava Peterson', 'Northwest', 'A', 4050);
insert into DE241207_customer values ('Cu.30.025', 'Trinian Spertos', 'Northeast', 'C', 980);
insert into DE241207_customer values ('Cu.30.026', 'Kirk Machiels', 'East', 'B', 4667);
insert into DE241207_customer values ('Cu.30.027', 'Libby Coreolano', 'North', 'C', 6223);
insert into DE241207_customer values ('Cu.30.028', 'Abe Anderson', 'Southeast', 'D', 2099);
insert into DE241207_customer values ('Cu.30.029', 'Zbig Swartz', 'East', 'C', 5449);
insert into DE241207_customer values ('Cu.30.030', 'Bela Brighton', 'Northwest', 'C', 2779);
insert into DE241207_customer values ('Cu.30.031', 'Claude Banach', 'South', 'B', 3014);
insert into DE241207_customer values ('Cu.30.032', 'Lori Chase', 'North', 'D', 4521);
insert into DE241207_customer values ('Cu.30.033', 'Nick Drummond', 'Southeast', 'D', 484);
insert into DE241207_customer values ('Cu.30.034', 'Dwayne Jarmush', 'Southeast', 'B', 4913);
insert into DE241207_customer values ('Cu.30.035', 'Ramsey Sjoblom', 'Northeast', 'C', 5644);
insert into DE241207_customer values ('Cu.30.036', 'Judy Keller', 'North', 'C', 4365);
insert into DE241207_customer values ('Cu.30.037', 'Minnie Brock', 'Southwest', 'D', 5051);
insert into DE241207_customer values ('Cu.30.038', 'Milly Silvers', 'Southeast', 'D', 3966);
insert into DE241207_customer values ('Cu.30.039', 'Claude Keller', 'Southeast', 'C', 1923);
insert into DE241207_customer values ('Cu.30.040', 'Jenny Gibbs', 'Southwest', 'D', 1899);
insert into DE241207_customer values ('Cu.30.041', 'Lili Clayton', 'West', 'B', 2233);
insert into DE241207_customer values ('Cu.30.042', 'Cassandra Mcneil', 'East', 'B', 4481);
insert into DE241207_customer values ('Cu.30.043', 'Martin Jackson', 'Northwest', 'B', 3772);
insert into DE241207_customer values ('Cu.30.044', 'Maurice Hunter', 'Center', 'D', 3713);
insert into DE241207_customer values ('Cu.30.045', 'Mimi Woodward', 'Center', 'A', 2893);
insert into DE241207_customer values ('Cu.30.046', 'Sandra Gold', 'Northwest', 'D', 3773);
insert into DE241207_customer values ('Cu.30.047', 'Erol Berger', 'West', 'D', 11899);
insert into DE241207_customer values ('Cu.30.048', 'Stan Garner', 'Southeast', 'D', 1546);
insert into DE241207_customer values ('Cu.30.049', 'Arnold Garner', 'East', 'C', 3750);
insert into DE241207_customer values ('Cu.30.050', 'Francis Rand', 'Southeast', 'C', 2613);
insert into DE241207_customer values ('Cu.30.051', 'Allen Dijkstra', 'Center', 'D', 1733);
insert into DE241207_customer values ('Cu.30.052', 'Derek Burnes', 'Northwest', 'D', 2681);
insert into DE241207_customer values ('Cu.30.053', 'Carmen Cohen', 'Northeast', 'A', 4041);
insert into DE241207_customer values ('Cu.30.054', 'Trina Clayton', 'West', 'B', 3693);
insert into DE241207_customer values ('Cu.30.055', 'Ella Curtis', 'Northwest', 'B', 3570);
insert into DE241207_customer values ('Cu.30.056', 'Chandler Wakowski', 'East', 'A', 5396);
insert into DE241207_customer values ('Cu.30.057', 'Patrick Payton', 'Northeast', 'B', 3390);
insert into DE241207_customer values ('Cu.30.058', 'Sharon Carpenter', 'Southeast', 'C', 6519);
insert into DE241207_customer values ('Cu.30.059', 'Melina Simone', 'Southeast', 'D', 1106);
insert into DE241207_customer values ('Cu.30.060', 'Andrew Washington', 'Southwest', 'B', 2063);
insert into DE241207_customer values ('Cu.30.061', 'Oliver Holland', 'Southwest', 'C', 6463);
insert into DE241207_customer values ('Cu.30.062', 'George Heidegger', 'Southeast', 'C', 1147);
insert into DE241207_customer values ('Cu.30.063', 'Polyanne DesCartes', 'Southeast', 'B', 5328);
insert into DE241207_customer values ('Cu.30.064', 'Amie Montana', 'Northeast', 'D', 1286);
insert into DE241207_customer values ('Cu.30.065', 'Jerry Dawkins', 'Northwest', 'D', 1853);
insert into DE241207_customer values ('Cu.30.066', 'Bob Banks', 'South', 'D', 6518);
insert into DE241207_customer values ('Cu.30.067', 'Ridley Riggs', 'Northeast', 'B', 753);
insert into DE241207_customer values ('Cu.30.068', 'Faye Auldrin', 'Northwest', 'D', 2815);
insert into DE241207_customer values ('Cu.30.069', 'Justine Bernici', 'Southeast', 'B', 4171);
insert into DE241207_customer values ('Cu.30.070', 'Allen Monet', 'Southeast', 'C', 2428);
insert into DE241207_customer values ('Cu.30.071', 'Mia Welsh', 'West', 'D', 3021);
insert into DE241207_customer values ('Cu.30.072', 'Arnie Payton', 'East', 'B', 3734);
insert into DE241207_customer values ('Cu.30.073', 'Angelique Dirac', 'Center', 'D', 3131);
insert into DE241207_customer values ('Cu.30.074', 'Nate Boyle', 'Southeast', 'D', 3459);
insert into DE241207_customer values ('Cu.30.075', 'Nick Darkwood', 'Southeast', 'B', 4953);
insert into DE241207_customer values ('Cu.30.076', 'Wayne Landrieu', 'Southwest', 'C', 3954);


insert into DE241207_product values ('Pr.60.C.001', '… …', 340, 24820);
insert into DE241207_product values ('Pr.60.L.002', '… …', 248, 22568);
insert into DE241207_product values ('Pr.60.M.003', '… …', 231, 17787);
insert into DE241207_product values ('Pr.60.L.004', '… …', 244, 17080);
insert into DE241207_product values ('Pr.60.E.005', '… …', 251, 17570);
insert into DE241207_product values ('Pr.60.M.006', '… …', 374, 32538);
insert into DE241207_product values ('Pr.60.L.007', '… …', 253, 19481);
insert into DE241207_product values ('Pr.60.M.008', '… …', 355, 28755);
insert into DE241207_product values ('Pr.60.L.009', '… …', 271, 25474);
insert into DE241207_product values ('Pr.60.E.010', '… …', 371, 28196);
insert into DE241207_product values ('Pr.60.C.011', '… …', 311, 30789);
insert into DE241207_product values ('Pr.60.E.012', '… …', 260, 25740);


insert into DE241207_Sales values (1, '15-Nov-2023', 'Pr.60.C.011', 'Ex.61.174', 'Cu.30.066', 1);
insert into DE241207_Sales values (2, '15-Mar-2022', 'Pr.60.L.009', 'Ex.61.102', 'Cu.30.063', 3);
insert into DE241207_Sales values (3, '27-Mar-2024', 'Pr.60.C.011', 'Ex.61.212', 'Cu.30.035', 1);
insert into DE241207_Sales values (4, '18-Feb-2023', 'Pr.60.E.010', 'Ex.61.094', 'Cu.30.014', 1);
insert into DE241207_Sales values (5, '30-Jun-2023', 'Pr.60.L.004', 'Ex.61.212', 'Cu.30.043', 2);
insert into DE241207_Sales values (6, '23-Jul-2022', 'Pr.60.L.002', 'Ex.61.061', 'Cu.30.004', 3);
insert into DE241207_Sales values (7, '30-Apr-2023', 'Pr.60.M.006', 'Ex.61.212', 'Cu.30.065', 1);
insert into DE241207_Sales values (8, '14-Jul-2022', 'Pr.60.M.006', 'Ex.61.102', 'Cu.30.076', 2);
insert into DE241207_Sales values (9, '15-Sep-2022', 'Pr.60.C.011', 'Ex.61.212', 'Cu.30.045', 1);
insert into DE241207_Sales values (10, '16-Jan-2022', 'Pr.60.L.007', 'Ex.61.018', 'Cu.30.030', 2);
insert into DE241207_Sales values (11, '04-Apr-2023', 'Pr.60.L.009', 'Ex.61.113', 'Cu.30.068', 3);
insert into DE241207_Sales values (12, '07-Dec-2022', 'Pr.60.M.006', 'Ex.61.187', 'Cu.30.056', 2);
insert into DE241207_Sales values (13, '26-Feb-2022', 'Pr.60.M.003', 'Ex.61.212', 'Cu.30.039', 2);
insert into DE241207_Sales values (14, '28-Jun-2023', 'Pr.60.M.006', 'Ex.61.075', 'Cu.30.060', 2);
insert into DE241207_Sales values (15, '09-Mar-2022', 'Pr.60.L.004', 'Ex.61.187', 'Cu.30.074', 3);
insert into DE241207_Sales values (16, '05-Jun-2022', 'Pr.60.L.009', 'Ex.61.053', 'Cu.30.075', 2);
insert into DE241207_Sales values (17, '18-Apr-2023', 'Pr.60.E.010', 'Ex.61.014', 'Cu.30.013', 3);
insert into DE241207_Sales values (18, '19-Oct-2023', 'Pr.60.C.001', 'Ex.61.059', 'Cu.30.057', 3);
insert into DE241207_Sales values (19, '15-May-2022', 'Pr.60.M.008', 'Ex.61.174', 'Cu.30.073', 3);
insert into DE241207_Sales values (20, '01-Jun-2023', 'Pr.60.M.008', 'Ex.61.067', 'Cu.30.008', 2);
insert into DE241207_Sales values (21, '05-Jan-2024', 'Pr.60.E.010', 'Ex.61.124', 'Cu.30.058', 2);
insert into DE241207_Sales values (22, '25-Oct-2022', 'Pr.60.M.003', 'Ex.61.053', 'Cu.30.019', 1);
insert into DE241207_Sales values (23, '11-May-2022', 'Pr.60.L.002', 'Ex.61.113', 'Cu.30.015', 1);
insert into DE241207_Sales values (24, '25-Feb-2024', 'Pr.60.E.012', 'Ex.61.094', 'Cu.30.022', 1);
insert into DE241207_Sales values (25, '06-Aug-2023', 'Pr.60.L.002', 'Ex.61.057', 'Cu.30.013', 3);
insert into DE241207_Sales values (26, '26-May-2022', 'Pr.60.M.003', 'Ex.61.075', 'Cu.30.070', 1);
insert into DE241207_Sales values (27, '28-Dec-2023', 'Pr.60.L.007', 'Ex.61.027', 'Cu.30.061', 3);
insert into DE241207_Sales values (28, '24-Jun-2022', 'Pr.60.M.003', 'Ex.61.234', 'Cu.30.051', 2);
insert into DE241207_Sales values (29, '06-May-2022', 'Pr.60.L.007', 'Ex.61.012', 'Cu.30.022', 1);
insert into DE241207_Sales values (30, '25-Jan-2024', 'Pr.60.L.009', 'Ex.61.018', 'Cu.30.055', 3);
insert into DE241207_Sales values (31, '30-Jul-2022', 'Pr.60.L.007', 'Ex.61.094', 'Cu.30.013', 1);
insert into DE241207_Sales values (32, '19-May-2022', 'Pr.60.E.005', 'Ex.61.167', 'Cu.30.013', 1);
insert into DE241207_Sales values (33, '15-Jul-2023', 'Pr.60.L.009', 'Ex.61.061', 'Cu.30.056', 2);
insert into DE241207_Sales values (34, '01-Mar-2022', 'Pr.60.M.003', 'Ex.61.041', 'Cu.30.072', 1);
insert into DE241207_Sales values (35, '19-Dec-2022', 'Pr.60.L.002', 'Ex.61.039', 'Cu.30.054', 3);
insert into DE241207_Sales values (36, '07-Nov-2023', 'Pr.60.E.005', 'Ex.61.113', 'Cu.30.007', 3);
insert into DE241207_Sales values (37, '29-Aug-2023', 'Pr.60.L.007', 'Ex.61.027', 'Cu.30.004', 1);
insert into DE241207_Sales values (38, '27-Jun-2023', 'Pr.60.L.007', 'Ex.61.094', 'Cu.30.054', 2);
insert into DE241207_Sales values (39, '11-Jul-2022', 'Pr.60.L.002', 'Ex.61.053', 'Cu.30.008', 3);
insert into DE241207_Sales values (40, '05-Jul-2022', 'Pr.60.L.009', 'Ex.61.198', 'Cu.30.076', 3);
insert into DE241207_Sales values (41, '06-Sep-2022', 'Pr.60.M.006', 'Ex.61.059', 'Cu.30.023', 2);
insert into DE241207_Sales values (42, '13-Jun-2022', 'Pr.60.M.008', 'Ex.61.014', 'Cu.30.036', 2);
insert into DE241207_Sales values (43, '28-Aug-2022', 'Pr.60.C.011', 'Ex.61.009', 'Cu.30.027', 3);
insert into DE241207_Sales values (44, '29-Mar-2022', 'Pr.60.L.007', 'Ex.61.047', 'Cu.30.063', 2);
insert into DE241207_Sales values (45, '01-Apr-2023', 'Pr.60.L.009', 'Ex.61.153', 'Cu.30.006', 3);
insert into DE241207_Sales values (46, '21-Oct-2022', 'Pr.60.M.008', 'Ex.61.212', 'Cu.30.004', 3);
insert into DE241207_Sales values (47, '22-Nov-2022', 'Pr.60.L.009', 'Ex.61.153', 'Cu.30.023', 3);
insert into DE241207_Sales values (48, '15-Jun-2023', 'Pr.60.L.002', 'Ex.61.094', 'Cu.30.009', 3);
insert into DE241207_Sales values (49, '05-Nov-2023', 'Pr.60.L.009', 'Ex.61.198', 'Cu.30.046', 2);
insert into DE241207_Sales values (50, '13-Feb-2023', 'Pr.60.L.004', 'Ex.61.167', 'Cu.30.047', 3);
insert into DE241207_Sales values (51, '29-May-2022', 'Pr.60.M.003', 'Ex.61.075', 'Cu.30.060', 2);
insert into DE241207_Sales values (52, '19-May-2022', 'Pr.60.E.010', 'Ex.61.014', 'Cu.30.074', 2);
insert into DE241207_Sales values (53, '16-Apr-2023', 'Pr.60.E.005', 'Ex.61.212', 'Cu.30.042', 2);
insert into DE241207_Sales values (54, '12-Dec-2022', 'Pr.60.C.001', 'Ex.61.094', 'Cu.30.026', 1);
insert into DE241207_Sales values (55, '13-Aug-2023', 'Pr.60.E.005', 'Ex.61.075', 'Cu.30.072', 3);
insert into DE241207_Sales values (56, '01-Apr-2022', 'Pr.60.M.003', 'Ex.61.113', 'Cu.30.072', 3);
insert into DE241207_Sales values (57, '02-Jul-2023', 'Pr.60.L.004', 'Ex.61.018', 'Cu.30.053', 3);
insert into DE241207_Sales values (58, '14-Feb-2022', 'Pr.60.E.005', 'Ex.61.067', 'Cu.30.029', 1);
insert into DE241207_Sales values (59, '20-Dec-2023', 'Pr.60.M.003', 'Ex.61.167', 'Cu.30.013', 1);
insert into DE241207_Sales values (60, '20-Feb-2024', 'Pr.60.L.002', 'Ex.61.198', 'Cu.30.016', 2);
insert into DE241207_Sales values (61, '20-Aug-2023', 'Pr.60.M.008', 'Ex.61.053', 'Cu.30.068', 1);
insert into DE241207_Sales values (62, '31-May-2023', 'Pr.60.E.005', 'Ex.61.027', 'Cu.30.024', 2);
insert into DE241207_Sales values (63, '27-Sep-2023', 'Pr.60.M.008', 'Ex.61.059', 'Cu.30.071', 1);
insert into DE241207_Sales values (64, '09-Dec-2023', 'Pr.60.L.009', 'Ex.61.174', 'Cu.30.054', 1);
insert into DE241207_Sales values (65, '01-Sep-2022', 'Pr.60.M.008', 'Ex.61.041', 'Cu.30.003', 2);
insert into DE241207_Sales values (66, '16-Dec-2022', 'Pr.60.C.011', 'Ex.61.059', 'Cu.30.047', 2);
insert into DE241207_Sales values (67, '21-Jan-2024', 'Pr.60.C.001', 'Ex.61.027', 'Cu.30.029', 1);
insert into DE241207_Sales values (68, '17-Feb-2023', 'Pr.60.C.011', 'Ex.61.102', 'Cu.30.001', 3);
insert into DE241207_Sales values (69, '26-Aug-2022', 'Pr.60.M.006', 'Ex.61.167', 'Cu.30.008', 2);
insert into DE241207_Sales values (70, '28-Jun-2023', 'Pr.60.E.012', 'Ex.61.014', 'Cu.30.017', 2);
insert into DE241207_Sales values (71, '26-May-2022', 'Pr.60.M.006', 'Ex.61.153', 'Cu.30.076', 2);
insert into DE241207_Sales values (72, '26-Nov-2022', 'Pr.60.E.005', 'Ex.61.041', 'Cu.30.061', 3);
insert into DE241207_Sales values (73, '30-Apr-2023', 'Pr.60.M.006', 'Ex.61.018', 'Cu.30.053', 2);
insert into DE241207_Sales values (74, '19-Feb-2023', 'Pr.60.L.007', 'Ex.61.039', 'Cu.30.068', 1);
insert into DE241207_Sales values (75, '19-Sep-2023', 'Pr.60.C.011', 'Ex.61.012', 'Cu.30.066', 3);
insert into DE241207_Sales values (76, '25-Dec-2022', 'Pr.60.M.003', 'Ex.61.067', 'Cu.30.048', 3);
insert into DE241207_Sales values (77, '02-Aug-2022', 'Pr.60.M.003', 'Ex.61.124', 'Cu.30.034', 1);
insert into DE241207_Sales values (78, '06-Jan-2022', 'Pr.60.E.005', 'Ex.61.053', 'Cu.30.066', 1);
insert into DE241207_Sales values (79, '14-Apr-2023', 'Pr.60.C.011', 'Ex.61.187', 'Cu.30.070', 2);
insert into DE241207_Sales values (80, '15-Apr-2023', 'Pr.60.L.007', 'Ex.61.075', 'Cu.30.058', 2);
insert into DE241207_Sales values (81, '30-Mar-2024', 'Pr.60.E.010', 'Ex.61.053', 'Cu.30.034', 1);
insert into DE241207_Sales values (82, '16-Oct-2022', 'Pr.60.M.006', 'Ex.61.067', 'Cu.30.022', 1);
insert into DE241207_Sales values (83, '16-Nov-2022', 'Pr.60.C.011', 'Ex.61.094', 'Cu.30.056', 1);
insert into DE241207_Sales values (84, '17-Apr-2022', 'Pr.60.C.011', 'Ex.61.124', 'Cu.30.014', 3);
insert into DE241207_Sales values (85, '23-Jan-2024', 'Pr.60.C.011', 'Ex.61.059', 'Cu.30.005', 1);
insert into DE241207_Sales values (86, '29-Feb-2024', 'Pr.60.L.009', 'Ex.61.075', 'Cu.30.011', 2);
insert into DE241207_Sales values (87, '30-Nov-2022', 'Pr.60.L.009', 'Ex.61.041', 'Cu.30.057', 1);
insert into DE241207_Sales values (88, '21-Feb-2023', 'Pr.60.M.008', 'Ex.61.027', 'Cu.30.074', 1);
insert into DE241207_Sales values (89, '09-Jan-2023', 'Pr.60.M.003', 'Ex.61.187', 'Cu.30.059', 1);
insert into DE241207_Sales values (90, '29-May-2023', 'Pr.60.E.012', 'Ex.61.075', 'Cu.30.041', 1);
insert into DE241207_Sales values (91, '04-Nov-2022', 'Pr.60.L.007', 'Ex.61.067', 'Cu.30.020', 2);
insert into DE241207_Sales values (92, '29-Nov-2022', 'Pr.60.L.002', 'Ex.61.198', 'Cu.30.061', 3);
insert into DE241207_Sales values (93, '26-Feb-2024', 'Pr.60.L.007', 'Ex.61.014', 'Cu.30.027', 3);
insert into DE241207_Sales values (94, '16-Nov-2023', 'Pr.60.C.011', 'Ex.61.075', 'Cu.30.021', 3);
insert into DE241207_Sales values (95, '19-Mar-2022', 'Pr.60.C.001', 'Ex.61.012', 'Cu.30.040', 3);
insert into DE241207_Sales values (96, '15-Feb-2022', 'Pr.60.L.009', 'Ex.61.212', 'Cu.30.012', 1);
insert into DE241207_Sales values (97, '01-May-2023', 'Pr.60.L.009', 'Ex.61.067', 'Cu.30.063', 3);
insert into DE241207_Sales values (98, '31-Mar-2023', 'Pr.60.C.011', 'Ex.61.094', 'Cu.30.017', 2);
insert into DE241207_Sales values (99, '03-Jan-2022', 'Pr.60.M.008', 'Ex.61.018', 'Cu.30.007', 1);
insert into DE241207_Sales values (100, '21-Sep-2023', 'Pr.60.L.004', 'Ex.61.009', 'Cu.30.075', 1);
insert into DE241207_Sales values (101, '15-Nov-2022', 'Pr.60.E.010', 'Ex.61.018', 'Cu.30.034', 3);
insert into DE241207_Sales values (102, '23-Mar-2023', 'Pr.60.M.006', 'Ex.61.153', 'Cu.30.066', 3);
insert into DE241207_Sales values (103, '08-Aug-2022', 'Pr.60.M.003', 'Ex.61.174', 'Cu.30.064', 1);
insert into DE241207_Sales values (104, '30-Apr-2023', 'Pr.60.E.012', 'Ex.61.067', 'Cu.30.041', 2);
insert into DE241207_Sales values (105, '01-Jan-2024', 'Pr.60.C.011', 'Ex.61.018', 'Cu.30.012', 2);
insert into DE241207_Sales values (106, '07-Apr-2023', 'Pr.60.E.010', 'Ex.61.167', 'Cu.30.028', 1);
insert into DE241207_Sales values (107, '09-Feb-2024', 'Pr.60.L.004', 'Ex.61.027', 'Cu.30.056', 3);
insert into DE241207_Sales values (108, '24-Dec-2022', 'Pr.60.M.006', 'Ex.61.012', 'Cu.30.062', 1);
insert into DE241207_Sales values (109, '27-Jun-2023', 'Pr.60.E.012', 'Ex.61.198', 'Cu.30.010', 3);
insert into DE241207_Sales values (110, '09-Jul-2022', 'Pr.60.L.004', 'Ex.61.153', 'Cu.30.039', 3);
insert into DE241207_Sales values (111, '28-Jun-2022', 'Pr.60.C.011', 'Ex.61.053', 'Cu.30.008', 1);
insert into DE241207_Sales values (112, '15-Nov-2022', 'Pr.60.L.002', 'Ex.61.061', 'Cu.30.032', 1);
insert into DE241207_Sales values (113, '26-May-2023', 'Pr.60.M.008', 'Ex.61.009', 'Cu.30.032', 3);
insert into DE241207_Sales values (114, '24-Mar-2024', 'Pr.60.L.002', 'Ex.61.018', 'Cu.30.053', 2);
insert into DE241207_Sales values (115, '29-Dec-2022', 'Pr.60.L.009', 'Ex.61.102', 'Cu.30.035', 3);
insert into DE241207_Sales values (116, '06-Sep-2023', 'Pr.60.C.001', 'Ex.61.061', 'Cu.30.051', 3);
insert into DE241207_Sales values (117, '25-Nov-2023', 'Pr.60.E.005', 'Ex.61.027', 'Cu.30.041', 2);
insert into DE241207_Sales values (118, '06-May-2023', 'Pr.60.L.009', 'Ex.61.212', 'Cu.30.066', 2);
insert into DE241207_Sales values (119, '18-Sep-2023', 'Pr.60.M.008', 'Ex.61.039', 'Cu.30.026', 3);
insert into DE241207_Sales values (120, '22-Feb-2024', 'Pr.60.C.011', 'Ex.61.094', 'Cu.30.064', 1);
insert into DE241207_Sales values (121, '15-Jul-2023', 'Pr.60.C.001', 'Ex.61.059', 'Cu.30.013', 1);
insert into DE241207_Sales values (122, '01-Apr-2023', 'Pr.60.M.003', 'Ex.61.047', 'Cu.30.024', 1);
insert into DE241207_Sales values (123, '30-Jul-2022', 'Pr.60.M.008', 'Ex.61.234', 'Cu.30.026', 2);
insert into DE241207_Sales values (124, '04-Jul-2023', 'Pr.60.L.009', 'Ex.61.018', 'Cu.30.017', 1);
insert into DE241207_Sales values (125, '14-Mar-2022', 'Pr.60.M.008', 'Ex.61.198', 'Cu.30.047', 1);
insert into DE241207_Sales values (126, '05-Feb-2022', 'Pr.60.E.005', 'Ex.61.075', 'Cu.30.007', 3);
insert into DE241207_Sales values (127, '18-Mar-2022', 'Pr.60.M.003', 'Ex.61.113', 'Cu.30.023', 3);
insert into DE241207_Sales values (128, '24-Feb-2024', 'Pr.60.L.002', 'Ex.61.059', 'Cu.30.043', 2);
insert into DE241207_Sales values (129, '25-Aug-2023', 'Pr.60.M.006', 'Ex.61.039', 'Cu.30.058', 3);
insert into DE241207_Sales values (130, '26-Dec-2022', 'Pr.60.L.002', 'Ex.61.053', 'Cu.30.025', 1);
insert into DE241207_Sales values (131, '14-Apr-2023', 'Pr.60.E.010', 'Ex.61.067', 'Cu.30.066', 3);
insert into DE241207_Sales values (132, '30-Jan-2023', 'Pr.60.C.011', 'Ex.61.014', 'Cu.30.022', 3);
insert into DE241207_Sales values (133, '17-Feb-2022', 'Pr.60.E.005', 'Ex.61.061', 'Cu.30.071', 2);
insert into DE241207_Sales values (134, '09-Dec-2023', 'Pr.60.C.001', 'Ex.61.075', 'Cu.30.053', 2);
insert into DE241207_Sales values (135, '28-Oct-2022', 'Pr.60.L.002', 'Ex.61.102', 'Cu.30.011', 1);
insert into DE241207_Sales values (136, '23-Jul-2023', 'Pr.60.L.004', 'Ex.61.061', 'Cu.30.008', 2);
insert into DE241207_Sales values (137, '08-Jan-2023', 'Pr.60.L.007', 'Ex.61.047', 'Cu.30.014', 1);
insert into DE241207_Sales values (138, '12-Jun-2022', 'Pr.60.L.004', 'Ex.61.174', 'Cu.30.053', 1);
insert into DE241207_Sales values (139, '20-Aug-2023', 'Pr.60.M.003', 'Ex.61.047', 'Cu.30.044', 1);
insert into DE241207_Sales values (140, '02-Jan-2024', 'Pr.60.M.003', 'Ex.61.124', 'Cu.30.047', 2);
insert into DE241207_Sales values (141, '16-Nov-2022', 'Pr.60.E.012', 'Ex.61.047', 'Cu.30.042', 2);
insert into DE241207_Sales values (142, '08-Feb-2022', 'Pr.60.E.010', 'Ex.61.053', 'Cu.30.057', 2);
insert into DE241207_Sales values (143, '20-Mar-2022', 'Pr.60.C.011', 'Ex.61.187', 'Cu.30.015', 3);
insert into DE241207_Sales values (144, '01-Jul-2022', 'Pr.60.M.003', 'Ex.61.153', 'Cu.30.019', 3);
insert into DE241207_Sales values (145, '16-Mar-2022', 'Pr.60.L.002', 'Ex.61.014', 'Cu.30.008', 3);
insert into DE241207_Sales values (146, '19-Dec-2023', 'Pr.60.L.002', 'Ex.61.053', 'Cu.30.055', 3);
insert into DE241207_Sales values (147, '14-Apr-2023', 'Pr.60.C.011', 'Ex.61.075', 'Cu.30.052', 1);
insert into DE241207_Sales values (148, '30-Apr-2022', 'Pr.60.C.011', 'Ex.61.061', 'Cu.30.026', 2);
insert into DE241207_Sales values (149, '01-Apr-2022', 'Pr.60.E.012', 'Ex.61.053', 'Cu.30.066', 3);
insert into DE241207_Sales values (150, '08-Jan-2023', 'Pr.60.C.001', 'Ex.61.075', 'Cu.30.066', 1);
insert into DE241207_Sales values (151, '04-May-2023', 'Pr.60.M.006', 'Ex.61.012', 'Cu.30.069', 2);
insert into DE241207_Sales values (152, '19-Apr-2023', 'Pr.60.M.006', 'Ex.61.027', 'Cu.30.024', 3);
insert into DE241207_Sales values (153, '08-Nov-2022', 'Pr.60.L.009', 'Ex.61.027', 'Cu.30.055', 3);
insert into DE241207_Sales values (154, '27-Feb-2024', 'Pr.60.C.001', 'Ex.61.234', 'Cu.30.075', 2);
insert into DE241207_Sales values (155, '09-May-2023', 'Pr.60.L.002', 'Ex.61.047', 'Cu.30.053', 1);
insert into DE241207_Sales values (156, '04-Dec-2023', 'Pr.60.E.012', 'Ex.61.153', 'Cu.30.021', 3);
insert into DE241207_Sales values (157, '28-May-2022', 'Pr.60.L.009', 'Ex.61.187', 'Cu.30.022', 3);
insert into DE241207_Sales values (158, '27-Nov-2022', 'Pr.60.L.009', 'Ex.61.167', 'Cu.30.036', 3);
insert into DE241207_Sales values (159, '28-Jan-2022', 'Pr.60.M.008', 'Ex.61.059', 'Cu.30.075', 3);
insert into DE241207_Sales values (160, '24-Aug-2023', 'Pr.60.L.007', 'Ex.61.187', 'Cu.30.056', 2);
insert into DE241207_Sales values (161, '10-Sep-2022', 'Pr.60.L.004', 'Ex.61.075', 'Cu.30.028', 3);
insert into DE241207_Sales values (162, '22-Apr-2022', 'Pr.60.C.011', 'Ex.61.039', 'Cu.30.026', 1);
insert into DE241207_Sales values (163, '28-Sep-2022', 'Pr.60.L.002', 'Ex.61.167', 'Cu.30.054', 1);
insert into DE241207_Sales values (164, '18-Jun-2023', 'Pr.60.L.009', 'Ex.61.124', 'Cu.30.011', 2);
insert into DE241207_Sales values (165, '13-Apr-2023', 'Pr.60.E.012', 'Ex.61.012', 'Cu.30.075', 2);
insert into DE241207_Sales values (166, '12-Feb-2024', 'Pr.60.M.006', 'Ex.61.059', 'Cu.30.004', 3);
insert into DE241207_Sales values (167, '28-Nov-2023', 'Pr.60.L.007', 'Ex.61.153', 'Cu.30.059', 1);
insert into DE241207_Sales values (168, '08-Jun-2022', 'Pr.60.E.012', 'Ex.61.047', 'Cu.30.075', 3);
insert into DE241207_Sales values (169, '06-Nov-2023', 'Pr.60.L.007', 'Ex.61.012', 'Cu.30.011', 1);
insert into DE241207_Sales values (170, '15-Feb-2024', 'Pr.60.C.001', 'Ex.61.041', 'Cu.30.063', 3);
insert into DE241207_Sales values (171, '16-Feb-2023', 'Pr.60.M.003', 'Ex.61.187', 'Cu.30.058', 1);
insert into DE241207_Sales values (172, '10-Dec-2023', 'Pr.60.L.007', 'Ex.61.009', 'Cu.30.016', 2);
insert into DE241207_Sales values (173, '08-Dec-2022', 'Pr.60.L.007', 'Ex.61.167', 'Cu.30.069', 1);
insert into DE241207_Sales values (174, '21-Oct-2022', 'Pr.60.C.011', 'Ex.61.057', 'Cu.30.034', 1);
insert into DE241207_Sales values (175, '07-May-2023', 'Pr.60.L.009', 'Ex.61.153', 'Cu.30.041', 1);
insert into DE241207_Sales values (176, '23-Nov-2022', 'Pr.60.E.010', 'Ex.61.047', 'Cu.30.047', 2);
insert into DE241207_Sales values (177, '17-May-2022', 'Pr.60.E.010', 'Ex.61.102', 'Cu.30.010', 1);
insert into DE241207_Sales values (178, '09-Oct-2023', 'Pr.60.C.001', 'Ex.61.124', 'Cu.30.049', 3);
insert into DE241207_Sales values (179, '11-Mar-2022', 'Pr.60.L.004', 'Ex.61.061', 'Cu.30.035', 3);
insert into DE241207_Sales values (180, '17-Nov-2023', 'Pr.60.L.009', 'Ex.61.018', 'Cu.30.043', 3);
insert into DE241207_Sales values (181, '15-Aug-2022', 'Pr.60.L.004', 'Ex.61.057', 'Cu.30.026', 1);
insert into DE241207_Sales values (182, '09-Jul-2023', 'Pr.60.C.011', 'Ex.61.039', 'Cu.30.048', 2);
insert into DE241207_Sales values (183, '27-Jan-2023', 'Pr.60.L.007', 'Ex.61.094', 'Cu.30.016', 3);
insert into DE241207_Sales values (184, '02-Oct-2022', 'Pr.60.C.001', 'Ex.61.041', 'Cu.30.011', 2);
insert into DE241207_Sales values (185, '25-Jan-2022', 'Pr.60.L.009', 'Ex.61.039', 'Cu.30.058', 1);
insert into DE241207_Sales values (186, '18-Jan-2024', 'Pr.60.M.006', 'Ex.61.153', 'Cu.30.020', 1);
insert into DE241207_Sales values (187, '05-Jun-2022', 'Pr.60.L.007', 'Ex.61.094', 'Cu.30.017', 2);
insert into DE241207_Sales values (188, '01-May-2023', 'Pr.60.E.012', 'Ex.61.212', 'Cu.30.034', 1);
insert into DE241207_Sales values (189, '05-Nov-2023', 'Pr.60.E.012', 'Ex.61.212', 'Cu.30.042', 3);
insert into DE241207_Sales values (190, '13-Jun-2022', 'Pr.60.C.001', 'Ex.61.113', 'Cu.30.019', 1);
insert into DE241207_Sales values (191, '28-Feb-2022', 'Pr.60.C.001', 'Ex.61.234', 'Cu.30.013', 3);
insert into DE241207_Sales values (192, '30-Mar-2024', 'Pr.60.L.009', 'Ex.61.067', 'Cu.30.013', 1);
insert into DE241207_Sales values (193, '16-Apr-2022', 'Pr.60.E.010', 'Ex.61.041', 'Cu.30.057', 3);
insert into DE241207_Sales values (194, '22-Aug-2022', 'Pr.60.M.006', 'Ex.61.198', 'Cu.30.027', 3);
insert into DE241207_Sales values (195, '14-Sep-2022', 'Pr.60.E.012', 'Ex.61.113', 'Cu.30.016', 2);
insert into DE241207_Sales values (196, '29-Jan-2024', 'Pr.60.L.007', 'Ex.61.067', 'Cu.30.058', 2);
insert into DE241207_Sales values (197, '14-Mar-2022', 'Pr.60.E.012', 'Ex.61.124', 'Cu.30.017', 2);
insert into DE241207_Sales values (198, '30-Oct-2022', 'Pr.60.M.003', 'Ex.61.153', 'Cu.30.047', 1);
insert into DE241207_Sales values (199, '03-Apr-2022', 'Pr.60.L.009', 'Ex.61.053', 'Cu.30.005', 1);
insert into DE241207_Sales values (200, '15-Jun-2023', 'Pr.60.E.012', 'Ex.61.067', 'Cu.30.023', 2);
insert into DE241207_Sales values (201, '13-Jul-2022', 'Pr.60.E.012', 'Ex.61.047', 'Cu.30.031', 3);
insert into DE241207_Sales values (202, '17-Mar-2023', 'Pr.60.E.012', 'Ex.61.234', 'Cu.30.021', 3);
insert into DE241207_Sales values (203, '21-Apr-2023', 'Pr.60.E.005', 'Ex.61.124', 'Cu.30.051', 1);
insert into DE241207_Sales values (204, '23-May-2022', 'Pr.60.M.006', 'Ex.61.234', 'Cu.30.042', 1);
insert into DE241207_Sales values (205, '10-Jan-2023', 'Pr.60.C.001', 'Ex.61.212', 'Cu.30.055', 2);
insert into DE241207_Sales values (206, '12-Jan-2023', 'Pr.60.E.012', 'Ex.61.027', 'Cu.30.019', 3);
insert into DE241207_Sales values (207, '08-Aug-2022', 'Pr.60.M.006', 'Ex.61.174', 'Cu.30.021', 2);
insert into DE241207_Sales values (208, '21-Feb-2024', 'Pr.60.M.008', 'Ex.61.174', 'Cu.30.061', 2);
insert into DE241207_Sales values (209, '03-Feb-2024', 'Pr.60.L.002', 'Ex.61.167', 'Cu.30.024', 1);
insert into DE241207_Sales values (210, '11-Oct-2022', 'Pr.60.C.011', 'Ex.61.113', 'Cu.30.009', 1);
insert into DE241207_Sales values (211, '15-Dec-2023', 'Pr.60.C.001', 'Ex.61.047', 'Cu.30.036', 2);
insert into DE241207_Sales values (212, '05-Jul-2022', 'Pr.60.C.001', 'Ex.61.167', 'Cu.30.069', 2);
insert into DE241207_Sales values (213, '06-Sep-2022', 'Pr.60.E.010', 'Ex.61.009', 'Cu.30.049', 1);
insert into DE241207_Sales values (214, '25-Jan-2024', 'Pr.60.E.012', 'Ex.61.094', 'Cu.30.023', 1);
insert into DE241207_Sales values (215, '22-Jul-2022', 'Pr.60.L.004', 'Ex.61.009', 'Cu.30.011', 2);
insert into DE241207_Sales values (216, '25-Feb-2023', 'Pr.60.E.010', 'Ex.61.075', 'Cu.30.015', 2);
insert into DE241207_Sales values (217, '06-Nov-2023', 'Pr.60.L.009', 'Ex.61.059', 'Cu.30.006', 3);
insert into DE241207_Sales values (218, '06-Feb-2024', 'Pr.60.E.010', 'Ex.61.234', 'Cu.30.015', 1);
insert into DE241207_Sales values (219, '05-Jan-2022', 'Pr.60.E.012', 'Ex.61.014', 'Cu.30.043', 3);
insert into DE241207_Sales values (220, '04-Mar-2023', 'Pr.60.M.008', 'Ex.61.053', 'Cu.30.014', 1);
insert into DE241207_Sales values (221, '25-Dec-2022', 'Pr.60.E.012', 'Ex.61.018', 'Cu.30.001', 2);
insert into DE241207_Sales values (222, '26-Oct-2022', 'Pr.60.M.003', 'Ex.61.212', 'Cu.30.062', 2);
insert into DE241207_Sales values (223, '09-Sep-2023', 'Pr.60.E.005', 'Ex.61.212', 'Cu.30.066', 1);
insert into DE241207_Sales values (224, '27-Sep-2022', 'Pr.60.E.005', 'Ex.61.075', 'Cu.30.015', 3);
insert into DE241207_Sales values (225, '22-Jun-2023', 'Pr.60.M.008', 'Ex.61.174', 'Cu.30.014', 1);
insert into DE241207_Sales values (226, '09-May-2023', 'Pr.60.M.008', 'Ex.61.198', 'Cu.30.040', 1);
insert into DE241207_Sales values (227, '12-Nov-2022', 'Pr.60.M.008', 'Ex.61.014', 'Cu.30.014', 3);
insert into DE241207_Sales values (228, '15-Mar-2022', 'Pr.60.C.011', 'Ex.61.187', 'Cu.30.029', 1);
insert into DE241207_Sales values (229, '22-Nov-2022', 'Pr.60.L.009', 'Ex.61.061', 'Cu.30.019', 1);
insert into DE241207_Sales values (230, '13-Feb-2023', 'Pr.60.L.009', 'Ex.61.124', 'Cu.30.047', 3);
insert into DE241207_Sales values (231, '21-Feb-2022', 'Pr.60.M.008', 'Ex.61.057', 'Cu.30.046', 1);
insert into DE241207_Sales values (232, '08-Jun-2022', 'Pr.60.E.012', 'Ex.61.027', 'Cu.30.060', 1);
insert into DE241207_Sales values (233, '14-Nov-2022', 'Pr.60.M.008', 'Ex.61.061', 'Cu.30.052', 1);
insert into DE241207_Sales values (234, '06-Dec-2022', 'Pr.60.L.002', 'Ex.61.059', 'Cu.30.009', 3);
insert into DE241207_Sales values (235, '27-Aug-2023', 'Pr.60.L.009', 'Ex.61.041', 'Cu.30.006', 1);
insert into DE241207_Sales values (236, '17-Jan-2024', 'Pr.60.L.002', 'Ex.61.075', 'Cu.30.064', 3);
insert into DE241207_Sales values (237, '05-Mar-2023', 'Pr.60.L.002', 'Ex.61.059', 'Cu.30.038', 3);
insert into DE241207_Sales values (238, '18-Mar-2023', 'Pr.60.L.002', 'Ex.61.018', 'Cu.30.065', 2);
insert into DE241207_Sales values (239, '18-Aug-2022', 'Pr.60.E.012', 'Ex.61.187', 'Cu.30.047', 3);
insert into DE241207_Sales values (240, '07-Apr-2022', 'Pr.60.M.003', 'Ex.61.198', 'Cu.30.048', 1);
insert into DE241207_Sales values (241, '14-Oct-2022', 'Pr.60.E.012', 'Ex.61.187', 'Cu.30.047', 2);
insert into DE241207_Sales values (242, '04-Feb-2023', 'Pr.60.E.010', 'Ex.61.047', 'Cu.30.056', 1);
insert into DE241207_Sales values (243, '03-Jan-2024', 'Pr.60.L.002', 'Ex.61.198', 'Cu.30.047', 1);
insert into DE241207_Sales values (244, '31-Mar-2022', 'Pr.60.L.004', 'Ex.61.153', 'Cu.30.013', 1);
insert into DE241207_Sales values (245, '21-Nov-2023', 'Pr.60.M.006', 'Ex.61.047', 'Cu.30.028', 1);
insert into DE241207_Sales values (246, '09-Dec-2023', 'Pr.60.E.005', 'Ex.61.187', 'Cu.30.038', 1);
insert into DE241207_Sales values (247, '20-Feb-2023', 'Pr.60.M.008', 'Ex.61.009', 'Cu.30.063', 2);
insert into DE241207_Sales values (248, '03-Jul-2022', 'Pr.60.E.012', 'Ex.61.234', 'Cu.30.029', 3);
insert into DE241207_Sales values (249, '11-Jan-2024', 'Pr.60.E.012', 'Ex.61.102', 'Cu.30.054', 1);
insert into DE241207_Sales values (250, '18-Feb-2023', 'Pr.60.C.001', 'Ex.61.053', 'Cu.30.046', 3);
insert into DE241207_Sales values (251, '29-Aug-2023', 'Pr.60.L.007', 'Ex.61.053', 'Cu.30.044', 2);
insert into DE241207_Sales values (252, '20-Oct-2023', 'Pr.60.L.009', 'Ex.61.187', 'Cu.30.045', 3);
insert into DE241207_Sales values (253, '14-Apr-2022', 'Pr.60.M.008', 'Ex.61.014', 'Cu.30.047', 3);
insert into DE241207_Sales values (254, '28-Feb-2024', 'Pr.60.C.011', 'Ex.61.075', 'Cu.30.059', 2);
insert into DE241207_Sales values (255, '23-Feb-2023', 'Pr.60.C.011', 'Ex.61.187', 'Cu.30.062', 1);
insert into DE241207_Sales values (256, '03-Sep-2023', 'Pr.60.C.001', 'Ex.61.014', 'Cu.30.058', 1);
insert into DE241207_Sales values (257, '09-Jan-2023', 'Pr.60.E.005', 'Ex.61.113', 'Cu.30.009', 3);
insert into DE241207_Sales values (258, '07-Nov-2022', 'Pr.60.E.010', 'Ex.61.009', 'Cu.30.003', 3);
insert into DE241207_Sales values (259, '27-Aug-2023', 'Pr.60.C.011', 'Ex.61.075', 'Cu.30.006', 2);
insert into DE241207_Sales values (260, '16-Apr-2023', 'Pr.60.L.004', 'Ex.61.102', 'Cu.30.057', 1);
insert into DE241207_Sales values (261, '02-Mar-2023', 'Pr.60.E.012', 'Ex.61.009', 'Cu.30.018', 3);
insert into DE241207_Sales values (262, '18-Feb-2024', 'Pr.60.E.010', 'Ex.61.027', 'Cu.30.012', 1);
insert into DE241207_Sales values (263, '27-May-2023', 'Pr.60.M.008', 'Ex.61.053', 'Cu.30.013', 2);
insert into DE241207_Sales values (264, '08-Feb-2022', 'Pr.60.E.005', 'Ex.61.053', 'Cu.30.067', 2);
insert into DE241207_Sales values (265, '12-May-2022', 'Pr.60.L.002', 'Ex.61.234', 'Cu.30.030', 2);
insert into DE241207_Sales values (266, '26-Jun-2022', 'Pr.60.M.006', 'Ex.61.187', 'Cu.30.029', 1);
insert into DE241207_Sales values (267, '27-Jul-2023', 'Pr.60.C.011', 'Ex.61.041', 'Cu.30.038', 3);
insert into DE241207_Sales values (268, '30-Jan-2024', 'Pr.60.M.008', 'Ex.61.047', 'Cu.30.006', 1);
insert into DE241207_Sales values (269, '23-Jan-2024', 'Pr.60.C.011', 'Ex.61.153', 'Cu.30.061', 1);
insert into DE241207_Sales values (270, '20-May-2022', 'Pr.60.C.001', 'Ex.61.047', 'Cu.30.023', 2);
insert into DE241207_Sales values (271, '21-Feb-2024', 'Pr.60.M.006', 'Ex.61.047', 'Cu.30.035', 1);
insert into DE241207_Sales values (272, '14-Nov-2023', 'Pr.60.C.001', 'Ex.61.012', 'Cu.30.071', 1);
insert into DE241207_Sales values (273, '20-Sep-2023', 'Pr.60.M.008', 'Ex.61.014', 'Cu.30.046', 1);
insert into DE241207_Sales values (274, '18-Mar-2024', 'Pr.60.C.011', 'Ex.61.075', 'Cu.30.019', 1);
insert into DE241207_Sales values (275, '26-Jul-2023', 'Pr.60.E.010', 'Ex.61.012', 'Cu.30.050', 2);
insert into DE241207_Sales values (276, '22-May-2022', 'Pr.60.C.011', 'Ex.61.027', 'Cu.30.032', 2);
insert into DE241207_Sales values (277, '02-Jan-2024', 'Pr.60.L.007', 'Ex.61.212', 'Cu.30.013', 1);
insert into DE241207_Sales values (278, '23-Jul-2023', 'Pr.60.L.004', 'Ex.61.061', 'Cu.30.046', 2);
insert into DE241207_Sales values (279, '16-Apr-2022', 'Pr.60.M.003', 'Ex.61.027', 'Cu.30.021', 3);
insert into DE241207_Sales values (280, '17-Jan-2024', 'Pr.60.M.006', 'Ex.61.061', 'Cu.30.001', 3);
insert into DE241207_Sales values (281, '30-Jun-2023', 'Pr.60.E.010', 'Ex.61.167', 'Cu.30.029', 1);
insert into DE241207_Sales values (282, '30-Mar-2023', 'Pr.60.E.010', 'Ex.61.234', 'Cu.30.037', 3);
insert into DE241207_Sales values (283, '18-Aug-2022', 'Pr.60.M.006', 'Ex.61.212', 'Cu.30.032', 3);
insert into DE241207_Sales values (284, '14-May-2023', 'Pr.60.C.011', 'Ex.61.059', 'Cu.30.031', 3);
insert into DE241207_Sales values (285, '22-May-2022', 'Pr.60.C.001', 'Ex.61.153', 'Cu.30.047', 3);
insert into DE241207_Sales values (286, '02-Aug-2023', 'Pr.60.L.002', 'Ex.61.039', 'Cu.30.019', 1);
insert into DE241207_Sales values (287, '23-May-2022', 'Pr.60.M.006', 'Ex.61.061', 'Cu.30.073', 3);
insert into DE241207_Sales values (288, '03-Jul-2022', 'Pr.60.E.010', 'Ex.61.057', 'Cu.30.007', 1);
insert into DE241207_Sales values (289, '14-Dec-2023', 'Pr.60.M.008', 'Ex.61.012', 'Cu.30.009', 3);
insert into DE241207_Sales values (290, '20-Mar-2024', 'Pr.60.L.007', 'Ex.61.167', 'Cu.30.029', 3);
insert into DE241207_Sales values (291, '15-Nov-2022', 'Pr.60.L.007', 'Ex.61.075', 'Cu.30.033', 1);
insert into DE241207_Sales values (292, '16-Feb-2024', 'Pr.60.E.012', 'Ex.61.061', 'Cu.30.036', 3);
insert into DE241207_Sales values (293, '15-Jul-2022', 'Pr.60.M.008', 'Ex.61.041', 'Cu.30.019', 1);
insert into DE241207_Sales values (294, '30-Mar-2022', 'Pr.60.L.004', 'Ex.61.075', 'Cu.30.006', 1);
insert into DE241207_Sales values (295, '14-Jul-2022', 'Pr.60.L.007', 'Ex.61.153', 'Cu.30.006', 2);
insert into DE241207_Sales values (296, '03-Jan-2022', 'Pr.60.E.005', 'Ex.61.187', 'Cu.30.009', 3);
insert into DE241207_Sales values (297, '29-Jul-2022', 'Pr.60.M.008', 'Ex.61.014', 'Cu.30.045', 1);
insert into DE241207_Sales values (298, '23-Aug-2022', 'Pr.60.L.002', 'Ex.61.124', 'Cu.30.047', 3);
insert into DE241207_Sales values (299, '14-Jun-2023', 'Pr.60.M.003', 'Ex.61.053', 'Cu.30.024', 1);
insert into DE241207_Sales values (300, '09-Oct-2022', 'Pr.60.E.012', 'Ex.61.061', 'Cu.30.017', 3);
insert into DE241207_Sales values (301, '21-Jun-2022', 'Pr.60.C.011', 'Ex.61.041', 'Cu.30.029', 2);
insert into DE241207_Sales values (302, '06-Nov-2023', 'Pr.60.E.012', 'Ex.61.041', 'Cu.30.016', 1);
insert into DE241207_Sales values (303, '22-Jul-2022', 'Pr.60.C.011', 'Ex.61.009', 'Cu.30.066', 1);
insert into DE241207_Sales values (304, '15-Jul-2022', 'Pr.60.C.011', 'Ex.61.014', 'Cu.30.015', 2);
insert into DE241207_Sales values (305, '16-Nov-2022', 'Pr.60.M.006', 'Ex.61.124', 'Cu.30.034', 2);
insert into DE241207_Sales values (306, '06-Feb-2024', 'Pr.60.E.010', 'Ex.61.067', 'Cu.30.008', 3);
insert into DE241207_Sales values (307, '10-Jan-2024', 'Pr.60.L.007', 'Ex.61.187', 'Cu.30.010', 3);
insert into DE241207_Sales values (308, '09-Feb-2023', 'Pr.60.C.001', 'Ex.61.053', 'Cu.30.038', 2);
insert into DE241207_Sales values (309, '28-Aug-2023', 'Pr.60.L.002', 'Ex.61.059', 'Cu.30.030', 3);
insert into DE241207_Sales values (310, '20-May-2023', 'Pr.60.C.011', 'Ex.61.113', 'Cu.30.044', 2);
insert into DE241207_Sales values (311, '04-Sep-2023', 'Pr.60.L.007', 'Ex.61.198', 'Cu.30.060', 1);
insert into DE241207_Sales values (312, '24-Nov-2023', 'Pr.60.L.004', 'Ex.61.187', 'Cu.30.069', 3);
insert into DE241207_Sales values (313, '21-Oct-2022', 'Pr.60.L.004', 'Ex.61.187', 'Cu.30.038', 1);
insert into DE241207_Sales values (314, '28-Feb-2024', 'Pr.60.E.005', 'Ex.61.041', 'Cu.30.007', 3);
insert into DE241207_Sales values (315, '01-Jul-2022', 'Pr.60.C.001', 'Ex.61.027', 'Cu.30.006', 3);
insert into DE241207_Sales values (316, '01-Jun-2023', 'Pr.60.M.006', 'Ex.61.212', 'Cu.30.027', 1);
insert into DE241207_Sales values (317, '05-Jun-2023', 'Pr.60.L.002', 'Ex.61.124', 'Cu.30.050', 2);
insert into DE241207_Sales values (318, '30-Dec-2022', 'Pr.60.E.010', 'Ex.61.053', 'Cu.30.049', 3);
insert into DE241207_Sales values (319, '12-Jan-2023', 'Pr.60.M.006', 'Ex.61.057', 'Cu.30.013', 1);
insert into DE241207_Sales values (320, '10-Jun-2022', 'Pr.60.C.001', 'Ex.61.153', 'Cu.30.047', 3);
insert into DE241207_Sales values (321, '03-Jan-2024', 'Pr.60.L.007', 'Ex.61.039', 'Cu.30.037', 1);
insert into DE241207_Sales values (322, '06-Nov-2022', 'Pr.60.M.006', 'Ex.61.059', 'Cu.30.061', 2);
insert into DE241207_Sales values (323, '20-Jul-2023', 'Pr.60.E.005', 'Ex.61.198', 'Cu.30.043', 1);
insert into DE241207_Sales values (324, '09-Dec-2022', 'Pr.60.M.006', 'Ex.61.041', 'Cu.30.039', 1);
insert into DE241207_Sales values (325, '01-Nov-2023', 'Pr.60.C.001', 'Ex.61.198', 'Cu.30.041', 2);
insert into DE241207_Sales values (326, '27-May-2023', 'Pr.60.E.010', 'Ex.61.027', 'Cu.30.010', 3);
insert into DE241207_Sales values (327, '21-Oct-2022', 'Pr.60.C.011', 'Ex.61.012', 'Cu.30.026', 2);
insert into DE241207_Sales values (328, '02-Feb-2024', 'Pr.60.M.003', 'Ex.61.124', 'Cu.30.018', 2);
insert into DE241207_Sales values (329, '19-Dec-2023', 'Pr.60.L.004', 'Ex.61.041', 'Cu.30.070', 3);
insert into DE241207_Sales values (330, '22-May-2022', 'Pr.60.M.006', 'Ex.61.059', 'Cu.30.019', 2);
insert into DE241207_Sales values (331, '07-Aug-2023', 'Pr.60.E.012', 'Ex.61.067', 'Cu.30.030', 1);
insert into DE241207_Sales values (332, '06-Feb-2022', 'Pr.60.L.009', 'Ex.61.102', 'Cu.30.031', 2);
insert into DE241207_Sales values (333, '16-Feb-2024', 'Pr.60.C.011', 'Ex.61.012', 'Cu.30.003', 1);
insert into DE241207_Sales values (334, '18-Oct-2022', 'Pr.60.L.004', 'Ex.61.198', 'Cu.30.024', 3);
insert into DE241207_Sales values (335, '03-Aug-2022', 'Pr.60.M.006', 'Ex.61.212', 'Cu.30.058', 2);
insert into DE241207_Sales values (336, '26-May-2022', 'Pr.60.E.012', 'Ex.61.212', 'Cu.30.063', 1);
insert into DE241207_Sales values (337, '08-Jan-2022', 'Pr.60.E.010', 'Ex.61.061', 'Cu.30.042', 2);
insert into DE241207_Sales values (338, '05-Aug-2022', 'Pr.60.L.002', 'Ex.61.039', 'Cu.30.047', 3);
insert into DE241207_Sales values (339, '06-Aug-2023', 'Pr.60.M.008', 'Ex.61.047', 'Cu.30.037', 2);
insert into DE241207_Sales values (340, '31-Jan-2022', 'Pr.60.M.003', 'Ex.61.059', 'Cu.30.072', 2);
insert into DE241207_Sales values (341, '25-Aug-2022', 'Pr.60.M.008', 'Ex.61.167', 'Cu.30.038', 1);
insert into DE241207_Sales values (342, '17-Oct-2022', 'Pr.60.M.008', 'Ex.61.234', 'Cu.30.010', 2);
insert into DE241207_Sales values (343, '02-Aug-2022', 'Pr.60.E.010', 'Ex.61.053', 'Cu.30.044', 2);
insert into DE241207_Sales values (344, '25-May-2023', 'Pr.60.L.002', 'Ex.61.059', 'Cu.30.076', 1);
insert into DE241207_Sales values (345, '15-Mar-2023', 'Pr.60.E.010', 'Ex.61.027', 'Cu.30.072', 2);
insert into DE241207_Sales values (346, '26-Feb-2022', 'Pr.60.C.001', 'Ex.61.198', 'Cu.30.060', 1);
insert into DE241207_Sales values (347, '26-Oct-2022', 'Pr.60.M.008', 'Ex.61.102', 'Cu.30.002', 3);
insert into DE241207_Sales values (348, '15-Apr-2023', 'Pr.60.M.003', 'Ex.61.053', 'Cu.30.024', 1);
insert into DE241207_Sales values (349, '08-Jul-2023', 'Pr.60.C.011', 'Ex.61.047', 'Cu.30.044', 1);
insert into DE241207_Sales values (350, '01-Jul-2023', 'Pr.60.L.002', 'Ex.61.053', 'Cu.30.049', 3);
insert into DE241207_Sales values (351, '25-Jan-2023', 'Pr.60.L.007', 'Ex.61.041', 'Cu.30.050', 1);
insert into DE241207_Sales values (352, '06-Feb-2022', 'Pr.60.L.007', 'Ex.61.212', 'Cu.30.040', 1);
insert into DE241207_Sales values (353, '16-Jun-2022', 'Pr.60.E.005', 'Ex.61.057', 'Cu.30.035', 2);
insert into DE241207_Sales values (354, '19-Apr-2023', 'Pr.60.C.001', 'Ex.61.053', 'Cu.30.012', 3);
insert into DE241207_Sales values (355, '01-Nov-2023', 'Pr.60.M.008', 'Ex.61.067', 'Cu.30.008', 3);
insert into DE241207_Sales values (356, '02-Oct-2022', 'Pr.60.L.004', 'Ex.61.212', 'Cu.30.035', 3);
insert into DE241207_Sales values (357, '18-Dec-2022', 'Pr.60.E.012', 'Ex.61.057', 'Cu.30.009', 3);
insert into DE241207_Sales values (358, '21-Jan-2024', 'Pr.60.C.011', 'Ex.61.167', 'Cu.30.072', 2);
insert into DE241207_Sales values (359, '24-Feb-2024', 'Pr.60.E.005', 'Ex.61.059', 'Cu.30.014', 2);
insert into DE241207_Sales values (360, '18-Aug-2022', 'Pr.60.M.006', 'Ex.61.041', 'Cu.30.017', 2);
insert into DE241207_Sales values (361, '10-Dec-2023', 'Pr.60.C.011', 'Ex.61.018', 'Cu.30.013', 2);
insert into DE241207_Sales values (362, '14-Apr-2022', 'Pr.60.L.007', 'Ex.61.014', 'Cu.30.010', 2);
insert into DE241207_Sales values (363, '02-Feb-2023', 'Pr.60.M.006', 'Ex.61.041', 'Cu.30.075', 3);
insert into DE241207_Sales values (364, '30-May-2022', 'Pr.60.E.005', 'Ex.61.174', 'Cu.30.006', 3);
insert into DE241207_Sales values (365, '28-May-2022', 'Pr.60.M.008', 'Ex.61.153', 'Cu.30.045', 1);
insert into DE241207_Sales values (366, '25-Feb-2023', 'Pr.60.L.002', 'Ex.61.234', 'Cu.30.006', 2);
insert into DE241207_Sales values (367, '30-Aug-2023', 'Pr.60.M.008', 'Ex.61.234', 'Cu.30.070', 1);
insert into DE241207_Sales values (368, '28-Jul-2023', 'Pr.60.L.004', 'Ex.61.012', 'Cu.30.025', 3);
insert into DE241207_Sales values (369, '15-Apr-2023', 'Pr.60.E.012', 'Ex.61.014', 'Cu.30.047', 3);
insert into DE241207_Sales values (370, '07-Jul-2022', 'Pr.60.E.012', 'Ex.61.041', 'Cu.30.034', 1);
insert into DE241207_Sales values (371, '22-Nov-2022', 'Pr.60.M.006', 'Ex.61.047', 'Cu.30.058', 3);
insert into DE241207_Sales values (372, '14-May-2022', 'Pr.60.E.005', 'Ex.61.113', 'Cu.30.037', 2);
insert into DE241207_Sales values (373, '16-Aug-2022', 'Pr.60.C.011', 'Ex.61.018', 'Cu.30.007', 1);
insert into DE241207_Sales values (374, '11-Jun-2023', 'Pr.60.E.005', 'Ex.61.027', 'Cu.30.061', 1);
insert into DE241207_Sales values (375, '06-Oct-2022', 'Pr.60.L.007', 'Ex.61.067', 'Cu.30.006', 1);
insert into DE241207_Sales values (376, '02-Jul-2023', 'Pr.60.E.012', 'Ex.61.041', 'Cu.30.012', 2);
insert into DE241207_Sales values (377, '24-Apr-2022', 'Pr.60.L.009', 'Ex.61.057', 'Cu.30.056', 3);
insert into DE241207_Sales values (378, '14-May-2022', 'Pr.60.C.001', 'Ex.61.067', 'Cu.30.037', 1);
insert into DE241207_Sales values (379, '18-Jun-2022', 'Pr.60.L.004', 'Ex.61.198', 'Cu.30.002', 2);
insert into DE241207_Sales values (380, '24-Jun-2023', 'Pr.60.E.005', 'Ex.61.113', 'Cu.30.026', 3);
insert into DE241207_Sales values (381, '20-Mar-2023', 'Pr.60.L.002', 'Ex.61.094', 'Cu.30.068', 2);
insert into DE241207_Sales values (382, '06-Jan-2022', 'Pr.60.M.006', 'Ex.61.187', 'Cu.30.045', 2);
insert into DE241207_Sales values (383, '30-Jun-2022', 'Pr.60.L.002', 'Ex.61.212', 'Cu.30.008', 3);
insert into DE241207_Sales values (384, '13-May-2023', 'Pr.60.E.012', 'Ex.61.198', 'Cu.30.003', 2);
insert into DE241207_Sales values (385, '27-Feb-2022', 'Pr.60.M.003', 'Ex.61.113', 'Cu.30.042', 1);
insert into DE241207_Sales values (386, '08-Jun-2022', 'Pr.60.L.004', 'Ex.61.113', 'Cu.30.019', 3);
insert into DE241207_Sales values (387, '11-Aug-2022', 'Pr.60.C.011', 'Ex.61.153', 'Cu.30.001', 1);
insert into DE241207_Sales values (388, '22-Jul-2023', 'Pr.60.L.009', 'Ex.61.234', 'Cu.30.044', 3);
insert into DE241207_Sales values (389, '29-Mar-2022', 'Pr.60.L.007', 'Ex.61.047', 'Cu.30.061', 2);
insert into DE241207_Sales values (390, '28-Jun-2023', 'Pr.60.L.002', 'Ex.61.102', 'Cu.30.022', 3);
insert into DE241207_Sales values (391, '18-Jan-2022', 'Pr.60.E.005', 'Ex.61.102', 'Cu.30.005', 1);
insert into DE241207_Sales values (392, '21-Apr-2023', 'Pr.60.E.012', 'Ex.61.014', 'Cu.30.027', 3);
insert into DE241207_Sales values (393, '27-Feb-2024', 'Pr.60.L.002', 'Ex.61.014', 'Cu.30.014', 2);
insert into DE241207_Sales values (394, '08-May-2023', 'Pr.60.C.001', 'Ex.61.047', 'Cu.30.006', 2);
insert into DE241207_Sales values (395, '15-Feb-2023', 'Pr.60.E.005', 'Ex.61.234', 'Cu.30.024', 3);
insert into DE241207_Sales values (396, '07-Jul-2023', 'Pr.60.L.004', 'Ex.61.113', 'Cu.30.061', 1);
insert into DE241207_Sales values (397, '19-Jun-2022', 'Pr.60.L.002', 'Ex.61.075', 'Cu.30.061', 3);
insert into DE241207_Sales values (398, '26-Dec-2022', 'Pr.60.L.004', 'Ex.61.059', 'Cu.30.023', 2);
insert into DE241207_Sales values (399, '05-Apr-2023', 'Pr.60.C.001', 'Ex.61.174', 'Cu.30.027', 3);
insert into DE241207_Sales values (400, '31-Mar-2023', 'Pr.60.C.011', 'Ex.61.047', 'Cu.30.047', 1);
insert into DE241207_Sales values (401, '27-Jun-2022', 'Pr.60.L.007', 'Ex.61.102', 'Cu.30.066', 1);
insert into DE241207_Sales values (402, '16-Jan-2024', 'Pr.60.M.003', 'Ex.61.234', 'Cu.30.012', 2);
insert into DE241207_Sales values (403, '05-Nov-2023', 'Pr.60.M.003', 'Ex.61.039', 'Cu.30.043', 3);
insert into DE241207_Sales values (404, '08-Apr-2022', 'Pr.60.E.005', 'Ex.61.234', 'Cu.30.043', 1);
insert into DE241207_Sales values (405, '01-Feb-2024', 'Pr.60.M.003', 'Ex.61.067', 'Cu.30.063', 2);
insert into DE241207_Sales values (406, '25-Aug-2023', 'Pr.60.L.007', 'Ex.61.027', 'Cu.30.015', 1);
insert into DE241207_Sales values (407, '19-Jan-2024', 'Pr.60.E.005', 'Ex.61.009', 'Cu.30.017', 3);
insert into DE241207_Sales values (408, '30-Aug-2023', 'Pr.60.E.012', 'Ex.61.234', 'Cu.30.029', 1);
insert into DE241207_Sales values (409, '23-Jul-2022', 'Pr.60.L.009', 'Ex.61.039', 'Cu.30.008', 3);
insert into DE241207_Sales values (410, '19-Mar-2024', 'Pr.60.E.012', 'Ex.61.167', 'Cu.30.056', 1);
insert into DE241207_Sales values (411, '05-Jan-2023', 'Pr.60.E.012', 'Ex.61.027', 'Cu.30.036', 1);
insert into DE241207_Sales values (412, '11-Apr-2022', 'Pr.60.L.009', 'Ex.61.018', 'Cu.30.046', 1);
insert into DE241207_Sales values (413, '30-Oct-2023', 'Pr.60.L.004', 'Ex.61.059', 'Cu.30.070', 2);
insert into DE241207_Sales values (414, '26-Aug-2023', 'Pr.60.E.010', 'Ex.61.012', 'Cu.30.034', 3);
insert into DE241207_Sales values (415, '10-Mar-2022', 'Pr.60.E.010', 'Ex.61.102', 'Cu.30.037', 3);
insert into DE241207_Sales values (416, '06-Jul-2023', 'Pr.60.E.010', 'Ex.61.124', 'Cu.30.020', 2);
insert into DE241207_Sales values (417, '30-Jan-2022', 'Pr.60.M.003', 'Ex.61.153', 'Cu.30.016', 2);
insert into DE241207_Sales values (418, '16-Jan-2024', 'Pr.60.E.005', 'Ex.61.212', 'Cu.30.065', 1);
insert into DE241207_Sales values (419, '15-Nov-2022', 'Pr.60.C.001', 'Ex.61.014', 'Cu.30.017', 1);
insert into DE241207_Sales values (420, '22-May-2023', 'Pr.60.M.003', 'Ex.61.041', 'Cu.30.033', 1);
insert into DE241207_Sales values (421, '27-Jun-2022', 'Pr.60.M.003', 'Ex.61.153', 'Cu.30.074', 3);
insert into DE241207_Sales values (422, '16-Sep-2022', 'Pr.60.E.012', 'Ex.61.057', 'Cu.30.055', 2);
insert into DE241207_Sales values (423, '13-Feb-2022', 'Pr.60.E.012', 'Ex.61.018', 'Cu.30.023', 2);
insert into DE241207_Sales values (424, '08-Feb-2024', 'Pr.60.L.007', 'Ex.61.187', 'Cu.30.071', 3);
insert into DE241207_Sales values (425, '23-Feb-2022', 'Pr.60.E.005', 'Ex.61.018', 'Cu.30.032', 1);
insert into DE241207_Sales values (426, '09-Sep-2023', 'Pr.60.M.006', 'Ex.61.153', 'Cu.30.068', 1);
insert into DE241207_Sales values (427, '12-Sep-2023', 'Pr.60.E.010', 'Ex.61.198', 'Cu.30.046', 2);
insert into DE241207_Sales values (428, '27-Jul-2023', 'Pr.60.L.007', 'Ex.61.012', 'Cu.30.031', 3);
insert into DE241207_Sales values (429, '16-Jan-2022', 'Pr.60.C.001', 'Ex.61.014', 'Cu.30.037', 3);
insert into DE241207_Sales values (430, '11-May-2022', 'Pr.60.L.007', 'Ex.61.009', 'Cu.30.068', 1);
insert into DE241207_Sales values (431, '21-Jul-2022', 'Pr.60.C.001', 'Ex.61.234', 'Cu.30.058', 2);
insert into DE241207_Sales values (432, '25-Jul-2023', 'Pr.60.C.011', 'Ex.61.009', 'Cu.30.053', 2);
insert into DE241207_Sales values (433, '28-Feb-2022', 'Pr.60.L.004', 'Ex.61.009', 'Cu.30.035', 2);
insert into DE241207_Sales values (434, '11-Aug-2023', 'Pr.60.E.005', 'Ex.61.041', 'Cu.30.067', 1);
insert into DE241207_Sales values (435, '20-Jan-2024', 'Pr.60.C.011', 'Ex.61.018', 'Cu.30.029', 2);
insert into DE241207_Sales values (436, '23-Mar-2023', 'Pr.60.L.009', 'Ex.61.187', 'Cu.30.076', 3);
insert into DE241207_Sales values (437, '25-Jan-2022', 'Pr.60.L.002', 'Ex.61.047', 'Cu.30.006', 3);
insert into DE241207_Sales values (438, '06-Jan-2024', 'Pr.60.M.003', 'Ex.61.153', 'Cu.30.061', 3);
insert into DE241207_Sales values (439, '13-Jul-2023', 'Pr.60.C.011', 'Ex.61.018', 'Cu.30.066', 1);
insert into DE241207_Sales values (440, '10-Dec-2022', 'Pr.60.L.002', 'Ex.61.113', 'Cu.30.063', 3);
insert into DE241207_Sales values (441, '12-Sep-2023', 'Pr.60.E.005', 'Ex.61.212', 'Cu.30.012', 1);
insert into DE241207_Sales values (442, '13-Jul-2022', 'Pr.60.M.008', 'Ex.61.187', 'Cu.30.039', 1);
insert into DE241207_Sales values (443, '19-Feb-2023', 'Pr.60.M.008', 'Ex.61.075', 'Cu.30.069', 3);
insert into DE241207_Sales values (444, '13-Aug-2023', 'Pr.60.E.010', 'Ex.61.113', 'Cu.30.056', 3);
insert into DE241207_Sales values (445, '08-Mar-2022', 'Pr.60.M.003', 'Ex.61.047', 'Cu.30.027', 3);
insert into DE241207_Sales values (446, '06-Aug-2022', 'Pr.60.M.003', 'Ex.61.027', 'Cu.30.069', 3);
insert into DE241207_Sales values (447, '09-Oct-2022', 'Pr.60.C.011', 'Ex.61.012', 'Cu.30.028', 2);
insert into DE241207_Sales values (448, '31-Jan-2023', 'Pr.60.L.004', 'Ex.61.075', 'Cu.30.065', 3);
insert into DE241207_Sales values (449, '12-Apr-2023', 'Pr.60.L.009', 'Ex.61.102', 'Cu.30.054', 2);
insert into DE241207_Sales values (450, '19-Mar-2024', 'Pr.60.M.006', 'Ex.61.018', 'Cu.30.036', 3);
insert into DE241207_Sales values (451, '10-Nov-2023', 'Pr.60.C.011', 'Ex.61.102', 'Cu.30.042', 2);
insert into DE241207_Sales values (452, '28-Dec-2023', 'Pr.60.E.005', 'Ex.61.027', 'Cu.30.073', 1);
insert into DE241207_Sales values (453, '08-Sep-2023', 'Pr.60.L.007', 'Ex.61.039', 'Cu.30.038', 3);
insert into DE241207_Sales values (454, '25-Apr-2023', 'Pr.60.L.004', 'Ex.61.075', 'Cu.30.074', 1);
insert into DE241207_Sales values (455, '13-Apr-2023', 'Pr.60.C.011', 'Ex.61.059', 'Cu.30.012', 3);
insert into DE241207_Sales values (456, '14-Mar-2023', 'Pr.60.E.012', 'Ex.61.039', 'Cu.30.030', 2);
insert into DE241207_Sales values (457, '25-Jul-2023', 'Pr.60.M.003', 'Ex.61.075', 'Cu.30.073', 3);
insert into DE241207_Sales values (458, '11-Feb-2024', 'Pr.60.E.005', 'Ex.61.102', 'Cu.30.058', 1);
insert into DE241207_Sales values (459, '08-Jun-2022', 'Pr.60.L.009', 'Ex.61.053', 'Cu.30.040', 1);
insert into DE241207_Sales values (460, '19-Jun-2022', 'Pr.60.C.011', 'Ex.61.167', 'Cu.30.045', 1);
insert into DE241207_Sales values (461, '20-May-2022', 'Pr.60.E.010', 'Ex.61.009', 'Cu.30.013', 3);
insert into DE241207_Sales values (462, '21-Mar-2022', 'Pr.60.E.012', 'Ex.61.094', 'Cu.30.013', 2);
insert into DE241207_Sales values (463, '12-Jan-2023', 'Pr.60.E.012', 'Ex.61.198', 'Cu.30.021', 3);
insert into DE241207_Sales values (464, '01-Oct-2023', 'Pr.60.M.003', 'Ex.61.187', 'Cu.30.074', 3);
insert into DE241207_Sales values (465, '06-Mar-2022', 'Pr.60.L.009', 'Ex.61.153', 'Cu.30.011', 2);
insert into DE241207_Sales values (466, '31-Dec-2023', 'Pr.60.L.007', 'Ex.61.198', 'Cu.30.030', 1);
insert into DE241207_Sales values (467, '05-Jun-2022', 'Pr.60.M.003', 'Ex.61.094', 'Cu.30.032', 3);
insert into DE241207_Sales values (468, '05-Mar-2024', 'Pr.60.M.008', 'Ex.61.094', 'Cu.30.071', 3);
insert into DE241207_Sales values (469, '25-Mar-2023', 'Pr.60.L.009', 'Ex.61.113', 'Cu.30.006', 3);
insert into DE241207_Sales values (470, '22-Jan-2024', 'Pr.60.L.007', 'Ex.61.187', 'Cu.30.029', 3);
insert into DE241207_Sales values (471, '12-May-2023', 'Pr.60.E.012', 'Ex.61.198', 'Cu.30.032', 2);
insert into DE241207_Sales values (472, '20-May-2023', 'Pr.60.E.010', 'Ex.61.014', 'Cu.30.004', 3);
insert into DE241207_Sales values (473, '09-Mar-2023', 'Pr.60.L.002', 'Ex.61.124', 'Cu.30.021', 3);
insert into DE241207_Sales values (474, '18-Feb-2022', 'Pr.60.L.004', 'Ex.61.167', 'Cu.30.044', 2);
insert into DE241207_Sales values (475, '15-Mar-2024', 'Pr.60.C.001', 'Ex.61.057', 'Cu.30.052', 1);
insert into DE241207_Sales values (476, '26-Jun-2022', 'Pr.60.M.006', 'Ex.61.113', 'Cu.30.050', 3);
insert into DE241207_Sales values (477, '02-Oct-2022', 'Pr.60.M.008', 'Ex.61.102', 'Cu.30.047', 2);
insert into DE241207_Sales values (478, '17-Jun-2023', 'Pr.60.C.011', 'Ex.61.113', 'Cu.30.016', 2);
insert into DE241207_Sales values (479, '06-Jul-2023', 'Pr.60.M.008', 'Ex.61.012', 'Cu.30.007', 3);
insert into DE241207_Sales values (480, '12-Jul-2022', 'Pr.60.L.009', 'Ex.61.067', 'Cu.30.027', 2);
insert into DE241207_Sales values (481, '03-Jan-2022', 'Pr.60.E.010', 'Ex.61.187', 'Cu.30.052', 2);
insert into DE241207_Sales values (482, '19-Sep-2023', 'Pr.60.M.006', 'Ex.61.124', 'Cu.30.054', 3);
insert into DE241207_Sales values (483, '06-Mar-2022', 'Pr.60.E.005', 'Ex.61.075', 'Cu.30.049', 2);
insert into DE241207_Sales values (484, '02-Dec-2022', 'Pr.60.M.006', 'Ex.61.234', 'Cu.30.013', 3);
insert into DE241207_Sales values (485, '05-Mar-2024', 'Pr.60.L.004', 'Ex.61.234', 'Cu.30.076', 1);
insert into DE241207_Sales values (486, '20-Feb-2024', 'Pr.60.M.003', 'Ex.61.041', 'Cu.30.072', 1);
insert into DE241207_Sales values (487, '13-May-2023', 'Pr.60.L.009', 'Ex.61.012', 'Cu.30.068', 1);
insert into DE241207_Sales values (488, '19-Apr-2022', 'Pr.60.M.008', 'Ex.61.075', 'Cu.30.001', 2);
insert into DE241207_Sales values (489, '10-Jan-2022', 'Pr.60.C.011', 'Ex.61.059', 'Cu.30.052', 3);
insert into DE241207_Sales values (490, '08-Jul-2022', 'Pr.60.M.008', 'Ex.61.012', 'Cu.30.042', 2);
insert into DE241207_Sales values (491, '25-Jun-2022', 'Pr.60.M.006', 'Ex.61.027', 'Cu.30.001', 1);
insert into DE241207_Sales values (492, '03-Dec-2022', 'Pr.60.L.007', 'Ex.61.153', 'Cu.30.035', 3);
insert into DE241207_Sales values (493, '14-Feb-2024', 'Pr.60.C.011', 'Ex.61.059', 'Cu.30.035', 3);
insert into DE241207_Sales values (494, '07-Apr-2023', 'Pr.60.L.007', 'Ex.61.167', 'Cu.30.034', 2);


alter table DE241207_customer add constraint DE241207_cust_ref_fk foreign key (region) references DE241207_region (id);
alter table DE241207_sales add constraint DE241207_sales_prd_fk foreign key (product) references DE241207_product (id);
alter table DE241207_sales add constraint DE241207_sales_emp_fk foreign key (employee) references DE241207_employee (id);
alter table DE241207_sales add constraint DE241207_sales_cus_fk foreign key (customer) references DE241207_customer (id);